Model,Accuracy,Precision,Recall,F1-Score,AUC-ROC
VQC (Quantum),0.86,0.8970588235294118,0.8133333333333334,0.8531468531468531,
