{
  "feature_map": "ZZ Feature Map",
  "ansatz": "EfficientSU2",
  "optimizer": "SPSA",
  "max_iterations": 100,
  "n_qubits": 4,
  "training_samples": 400,
  "test_samples": 150,
  "accuracy": 0.86,
  "precision": 0.8970588235294118,
  "recall": 0.8133333333333334,
  "f1_score": 0.8531468531468531
}